,dist_type,layer,R,p-value
0,centroid_cosine,0,0.05375789473684224,0.1463
1,centroid_cosine,1,0.024534210526315683,0.2739
2,centroid_cosine,2,0.021100000000000115,0.3209
3,centroid_cosine,3,0.02468421052631575,0.2953
4,centroid_cosine,4,0.01966578947368415,0.3323
5,centroid_cosine,5,0.011805263157894824,0.3811
6,centroid_cosine,6,0.014760526315789427,0.3482
7,centroid_cosine,7,0.02923157894736844,0.2614
8,centroid_cosine,8,0.0010157894736841947,0.4641
9,centroid_cosine,9,0.06309210526315784,0.1071
10,centroid_cosine,10,0.04492105263157903,0.1708
11,centroid_cosine,11,0.0666157894736841,0.0912
12,centroid_cosine,12,0.07636315789473687,0.0755
13,centroid_cosine,13,0.09414210526315793,0.0423
14,centroid_cosine,14,0.12131052631578938,0.0171
15,centroid_cosine,15,0.16086842105263144,0.0028
16,centroid_cosine,16,0.1189868421052631,0.0162
17,centroid_cosine,17,0.1576842105263158,0.0045
18,centroid_cosine,18,0.11826842105263156,0.0176
19,centroid_cosine,19,0.09049210526315797,0.0441
20,centroid_cosine,20,0.1399605263157895,0.0067
21,centroid_cosine,21,0.200257894736842,0.0009
22,centroid_cosine,22,0.19122631578947363,0.0006
23,centroid_cosine,23,0.15427368421052623,0.0058
24,centroid_cosine,24,0.14327368421052633,0.0086
25,centroid_cosine,25,0.11948947368421042,0.0162
26,centroid_cosine,26,0.12618421052631584,0.0136
27,centroid_cosine,27,0.1322710526315788,0.0105
28,centroid_cosine,28,0.13486578947368424,0.0106
29,centroid_cosine,29,0.13281315789473697,0.0099
30,centroid_cosine,30,0.19165526315789477,0.0009
31,centroid_cosine,31,0.18494473684210538,0.0003
32,centroid_cosine,32,0.22040263157894746,0.0001
33,centroid_cosine,33,0.19969736842105276,0.0004
34,centroid_cosine,34,0.22218157894736845,0.0001
35,centroid_cosine,35,0.2319526315789474,0.0002
36,centroid_cosine,36,0.206121052631579,0.0005
37,centroid_cosine,37,0.2001815789473685,0.0005
38,centroid_cosine,38,0.21575789473684204,0.0004
39,centroid_cosine,39,0.19183421052631577,0.0006
40,centroid_cosine,40,0.22746842105263157,0.0002
41,centroid_cosine,41,0.21283684210526313,0.0004
42,centroid_cosine,42,0.20307368421052643,0.0004
43,centroid_cosine,43,0.22549736842105256,0.0002
44,centroid_cosine,44,0.21719473684210527,0.0001
45,centroid_cosine,45,0.1902552631578947,0.0005
46,centroid_cosine,46,0.21147631578947373,0.0002
47,centroid_cosine,47,0.20570789473684217,0.0003
48,centroid_cosine,48,0.1984578947368421,0.0006
49,centroid_cosine,49,0.18843947368421052,0.0006
50,centroid_cosine,50,0.18748157894736842,0.001
51,centroid_cosine,51,0.187771052631579,0.0006
52,centroid_cosine,52,0.18941315789473692,0.0004
53,centroid_cosine,53,0.18576578947368427,0.0006
54,centroid_cosine,54,0.1792763157894737,0.0015
55,centroid_cosine,55,0.18478684210526328,0.0004
56,centroid_cosine,56,0.21022631578947373,0.0001
57,centroid_cosine,57,0.2088,0.0002
58,centroid_cosine,58,0.20565789473684215,0.0003
59,centroid_cosine,59,0.20616842105263156,0.0001
60,centroid_cosine,60,0.2090578947368422,0.0001
61,centroid_cosine,61,0.2252894736842106,0.0001
62,centroid_cosine,62,0.24125526315789478,0.0002
63,centroid_cosine_unit,0,0.053726315789473636,0.1514
64,centroid_cosine_unit,1,0.015842105263157946,0.3423
65,centroid_cosine_unit,2,0.021210526315789513,0.3221
66,centroid_cosine_unit,3,0.025902631578947323,0.2974
67,centroid_cosine_unit,4,0.021713157894736844,0.3028
68,centroid_cosine_unit,5,0.010184210526315783,0.3847
69,centroid_cosine_unit,6,0.015694736842105175,0.3468
70,centroid_cosine_unit,7,0.03261578947368435,0.2335
71,centroid_cosine_unit,8,0.0024894736842104655,0.4454
72,centroid_cosine_unit,9,0.06300000000000004,0.1059
73,centroid_cosine_unit,10,0.04034210526315791,0.1882
74,centroid_cosine_unit,11,0.0727500000000001,0.0725
75,centroid_cosine_unit,12,0.07533684210526315,0.0785
76,centroid_cosine_unit,13,0.09539473684210523,0.0425
77,centroid_cosine_unit,14,0.1268657894736842,0.0127
78,centroid_cosine_unit,15,0.17671578947368433,0.0007
79,centroid_cosine_unit,16,0.11840263157894733,0.0156
80,centroid_cosine_unit,17,0.15126315789473682,0.0062
81,centroid_cosine_unit,18,0.12487105263157901,0.0135
82,centroid_cosine_unit,19,0.09193157894736835,0.039
83,centroid_cosine_unit,20,0.1270131578947368,0.0122
84,centroid_cosine_unit,21,0.18541578947368412,0.0015
85,centroid_cosine_unit,22,0.16415263157894747,0.0026
86,centroid_cosine_unit,23,0.12909736842105268,0.0112
87,centroid_cosine_unit,24,0.07915789473684205,0.0689
88,centroid_cosine_unit,25,0.06355526315789468,0.1021
89,centroid_cosine_unit,26,0.10232894736842105,0.0333
90,centroid_cosine_unit,27,0.12381578947368414,0.0163
91,centroid_cosine_unit,28,0.13133684210526322,0.0101
92,centroid_cosine_unit,29,0.12871052631578953,0.0099
93,centroid_cosine_unit,30,0.18587631578947367,0.0014
94,centroid_cosine_unit,31,0.17886578947368434,0.001
95,centroid_cosine_unit,32,0.21189473684210533,0.0002
96,centroid_cosine_unit,33,0.1904552631578948,0.0009
97,centroid_cosine_unit,34,0.19159736842105268,0.0011
98,centroid_cosine_unit,35,0.19113157894736837,0.0013
99,centroid_cosine_unit,36,0.17657368421052633,0.0019
100,centroid_cosine_unit,37,0.16999210526315775,0.0026
101,centroid_cosine_unit,38,0.17535263157894745,0.003
102,centroid_cosine_unit,39,0.16981578947368423,0.0026
103,centroid_cosine_unit,40,0.20034473684210521,0.0007
104,centroid_cosine_unit,41,0.18913947368421047,0.0009
105,centroid_cosine_unit,42,0.1851447368421051,0.0008
106,centroid_cosine_unit,43,0.20578947368421044,0.0003
107,centroid_cosine_unit,44,0.195528947368421,0.0008
108,centroid_cosine_unit,45,0.16652368421052646,0.0025
109,centroid_cosine_unit,46,0.18384999999999987,0.0018
110,centroid_cosine_unit,47,0.17890789473684213,0.0014
111,centroid_cosine_unit,48,0.1706526315789474,0.0026
112,centroid_cosine_unit,49,0.16191578947368424,0.0032
113,centroid_cosine_unit,50,0.16459736842105255,0.0038
114,centroid_cosine_unit,51,0.1647973684210526,0.0027
115,centroid_cosine_unit,52,0.16547105263157907,0.0023
116,centroid_cosine_unit,53,0.15830000000000016,0.0036
117,centroid_cosine_unit,54,0.1520657894736843,0.0048
118,centroid_cosine_unit,55,0.14784999999999998,0.0058
119,centroid_cosine_unit,56,0.1683026315789473,0.0029
120,centroid_cosine_unit,57,0.16301842105263145,0.0028
121,centroid_cosine_unit,58,0.17759736842105275,0.0009
122,centroid_cosine_unit,59,0.1815894736842106,0.001
123,centroid_cosine_unit,60,0.18458947368421066,0.0003
124,centroid_cosine_unit,61,0.20189473684210532,0.0002
125,centroid_cosine_unit,62,0.22454210526315793,0.0001
126,centroid_euclidean,0,0.03801578947368416,0.2317
127,centroid_euclidean,1,0.005805263157894753,0.4105
128,centroid_euclidean,2,0.008252631578947437,0.4025
129,centroid_euclidean,3,0.013657894736842018,0.3758
130,centroid_euclidean,4,0.011315789473684145,0.3849
131,centroid_euclidean,5,0.010305263157894717,0.3775
132,centroid_euclidean,6,0.011789473684210523,0.3688
133,centroid_euclidean,7,0.021699999999999837,0.2978
134,centroid_euclidean,8,-0.0031894736842105866,0.4932
135,centroid_euclidean,9,0.06311052631578944,0.1078
136,centroid_euclidean,10,0.04136842105263164,0.1879
137,centroid_euclidean,11,0.030815789473684286,0.2351
138,centroid_euclidean,12,0.08201052631578949,0.065
139,centroid_euclidean,13,0.09415789473684205,0.0441
140,centroid_euclidean,14,0.11930526315789483,0.017
141,centroid_euclidean,15,0.10431578947368418,0.032
142,centroid_euclidean,16,0.04955263157894728,0.1474
143,centroid_euclidean,17,0.09513157894736847,0.0352
144,centroid_euclidean,18,0.1404894736842105,0.008
145,centroid_euclidean,19,0.09995263157894728,0.0256
146,centroid_euclidean,20,0.1527684210526317,0.0037
147,centroid_euclidean,21,0.23268421052631577,0.0001
148,centroid_euclidean,22,0.15756315789473685,0.004
149,centroid_euclidean,23,0.1064684210526315,0.0257
150,centroid_euclidean,24,0.06823684210526314,0.087
151,centroid_euclidean,25,0.06631052631578938,0.0895
152,centroid_euclidean,26,0.09124736842105252,0.0301
153,centroid_euclidean,27,0.09416315789473682,0.0281
154,centroid_euclidean,28,0.08698421052631584,0.039
155,centroid_euclidean,29,0.07615789473684202,0.0563
156,centroid_euclidean,30,0.03921052631578955,0.1702
157,centroid_euclidean,31,0.06904210526315789,0.0695
158,centroid_euclidean,32,0.08913684210526317,0.0354
159,centroid_euclidean,33,0.09244210526315792,0.0305
160,centroid_euclidean,34,0.08906842105263155,0.0351
161,centroid_euclidean,35,0.08745789473684204,0.0355
162,centroid_euclidean,36,0.0700552631578946,0.0615
163,centroid_euclidean,37,0.09466842105263162,0.0286
164,centroid_euclidean,38,0.11362631578947377,0.0117
165,centroid_euclidean,39,0.08716315789473686,0.0323
166,centroid_euclidean,40,0.10278157894736835,0.0186
167,centroid_euclidean,41,0.11892105263157896,0.0119
168,centroid_euclidean,42,0.1109947368421053,0.0172
169,centroid_euclidean,43,0.11924210526315797,0.0091
170,centroid_euclidean,44,0.10768947368421056,0.0178
171,centroid_euclidean,45,0.07837894736842113,0.0534
172,centroid_euclidean,46,0.08678947368421053,0.038
173,centroid_euclidean,47,0.08730526315789468,0.038
174,centroid_euclidean,48,0.07754736842105273,0.0506
175,centroid_euclidean,49,0.06810000000000008,0.0681
176,centroid_euclidean,50,0.08206315789473681,0.0459
177,centroid_euclidean,51,0.08176842105263145,0.0431
178,centroid_euclidean,52,0.07996842105263158,0.0454
179,centroid_euclidean,53,0.07966842105263162,0.0461
180,centroid_euclidean,54,0.08354210526315785,0.0423
181,centroid_euclidean,55,0.09393684210526308,0.0266
182,centroid_euclidean,56,0.13042105263157905,0.0066
183,centroid_euclidean,57,0.147642105263158,0.0035
184,centroid_euclidean,58,0.1543315789473683,0.0028
185,centroid_euclidean,59,0.1706368421052631,0.0012
186,centroid_euclidean,60,0.15963157894736843,0.0027
187,centroid_euclidean,61,0.1622631578947369,0.0015
188,centroid_euclidean,62,0.1396736842105264,0.0035
189,centroid_euclidean_unit,0,0.037989473684210504,0.2372
190,centroid_euclidean_unit,1,0.01592105263157892,0.3358
191,centroid_euclidean_unit,2,0.021957894736842183,0.3179
192,centroid_euclidean_unit,3,0.023978947368421218,0.3022
193,centroid_euclidean_unit,4,0.021184210526315854,0.3176
194,centroid_euclidean_unit,5,0.01034210526315791,0.3792
195,centroid_euclidean_unit,6,0.015847368421052534,0.3468
196,centroid_euclidean_unit,7,0.03189473684210533,0.2473
197,centroid_euclidean_unit,8,0.0012947368421052541,0.4594
198,centroid_euclidean_unit,9,0.06033684210526314,0.1146
199,centroid_euclidean_unit,10,0.0381684210526317,0.2027
200,centroid_euclidean_unit,11,0.06965789473684209,0.0863
201,centroid_euclidean_unit,12,0.07500526315789477,0.0757
202,centroid_euclidean_unit,13,0.08986315789473677,0.0491
203,centroid_euclidean_unit,14,0.12195789473684218,0.0145
204,centroid_euclidean_unit,15,0.17581842105263157,0.001
205,centroid_euclidean_unit,16,0.11838947368421049,0.0177
206,centroid_euclidean_unit,17,0.1514315789473685,0.0052
207,centroid_euclidean_unit,18,0.12488421052631565,0.013
208,centroid_euclidean_unit,19,0.09216315789473686,0.0428
209,centroid_euclidean_unit,20,0.12732631578947376,0.0117
210,centroid_euclidean_unit,21,0.1857842105263157,0.0012
211,centroid_euclidean_unit,22,0.16437894736842104,0.0028
212,centroid_euclidean_unit,23,0.12935263157894739,0.012
213,centroid_euclidean_unit,24,0.07130526315789461,0.0817
214,centroid_euclidean_unit,25,0.058557894736842156,0.1138
215,centroid_euclidean_unit,26,0.10259999999999986,0.0293
216,centroid_euclidean_unit,27,0.12379473684210525,0.0151
217,centroid_euclidean_unit,28,0.13135789473684212,0.0115
218,centroid_euclidean_unit,29,0.12894210526315786,0.0118
219,centroid_euclidean_unit,30,0.18615000000000015,0.0006
220,centroid_euclidean_unit,31,0.1791105263157895,0.0014
221,centroid_euclidean_unit,32,0.21253684210526302,0.0003
222,centroid_euclidean_unit,33,0.19098684210526323,0.0005
223,centroid_euclidean_unit,34,0.18941052631578945,0.0017
224,centroid_euclidean_unit,35,0.18091578947368414,0.0014
225,centroid_euclidean_unit,36,0.16624736842105253,0.0039
226,centroid_euclidean_unit,37,0.16226842105263167,0.0036
227,centroid_euclidean_unit,38,0.17010526315789462,0.0024
228,centroid_euclidean_unit,39,0.16568947368421058,0.0038
229,centroid_euclidean_unit,40,0.19566315789473693,0.0011
230,centroid_euclidean_unit,41,0.18692105263157882,0.0015
231,centroid_euclidean_unit,42,0.18251052631578954,0.0007
232,centroid_euclidean_unit,43,0.20082631578947363,0.0007
233,centroid_euclidean_unit,44,0.19169473684210525,0.0008
234,centroid_euclidean_unit,45,0.16339473684210526,0.0027
235,centroid_euclidean_unit,46,0.1805578947368421,0.0015
236,centroid_euclidean_unit,47,0.17462368421052638,0.0025
237,centroid_euclidean_unit,48,0.1670684210526316,0.0036
238,centroid_euclidean_unit,49,0.1590000000000001,0.0045
239,centroid_euclidean_unit,50,0.16158947368421062,0.0031
240,centroid_euclidean_unit,51,0.162357894736842,0.0031
241,centroid_euclidean_unit,52,0.16369999999999998,0.0027
242,centroid_euclidean_unit,53,0.15789999999999998,0.005
243,centroid_euclidean_unit,54,0.15163157894736856,0.0061
244,centroid_euclidean_unit,55,0.14899473684210535,0.0044
245,centroid_euclidean_unit,56,0.16959736842105252,0.0023
246,centroid_euclidean_unit,57,0.1648894736842106,0.0028
247,centroid_euclidean_unit,58,0.17853684210526327,0.0014
248,centroid_euclidean_unit,59,0.18191578947368423,0.0004
249,centroid_euclidean_unit,60,0.18509999999999988,0.0006
250,centroid_euclidean_unit,61,0.20246315789473698,0.0004
251,centroid_euclidean_unit,62,0.22508421052631575,0.0003
252,earth_mover,0,0.15634736842105273,0.0016
253,earth_mover,1,0.10087368421052637,0.0243
254,earth_mover,2,0.11616842105263156,0.0116
255,earth_mover,3,0.12377368421052637,0.0072
256,earth_mover,4,0.12517368421052624,0.0071
257,earth_mover,5,0.11803157894736846,0.0091
258,earth_mover,6,0.13377894736842114,0.0047
259,earth_mover,7,0.14406842105263154,0.0034
260,earth_mover,8,0.11667368421052636,0.0113
261,earth_mover,9,0.16874210526315775,0.0011
262,earth_mover,10,0.17,0.0014
263,earth_mover,11,0.14886842105263165,0.0037
264,earth_mover,12,0.20149473684210534,0.0001
265,earth_mover,13,0.22206842105263158,0.0001
266,earth_mover,14,0.23472105263157894,0.0001
267,earth_mover,15,0.18580000000000016,0.0012
268,earth_mover,16,0.09642631578947372,0.0329
269,earth_mover,17,0.10562631578947355,0.0239
270,earth_mover,18,0.1209999999999999,0.0178
271,earth_mover,19,0.1404315789473684,0.0057
272,earth_mover,20,0.14863684210526312,0.0053
273,earth_mover,21,0.22382631578947385,0.0002
274,earth_mover,22,0.1429684210526316,0.0066
275,earth_mover,23,0.11093684210526304,0.0207
276,earth_mover,24,0.07670526315789478,0.072
277,earth_mover,25,0.0810894736842104,0.0602
278,earth_mover,26,0.11955789473684204,0.0138
279,earth_mover,27,0.09448421052631584,0.031
280,earth_mover,28,0.10602631578947373,0.0165
281,earth_mover,29,0.09455789473684205,0.0236
282,earth_mover,30,0.064742105263158,0.0778
283,earth_mover,31,0.10044210526315796,0.0202
284,earth_mover,32,0.12885789473684212,0.0063
285,earth_mover,33,0.1379736842105262,0.0045
286,earth_mover,34,0.13093157894736845,0.0073
287,earth_mover,35,0.12658421052631585,0.0061
288,earth_mover,36,0.10041578947368411,0.0194
289,earth_mover,37,0.11305263157894735,0.0141
290,earth_mover,38,0.12997368421052635,0.0063
291,earth_mover,39,0.10808947368421054,0.0157
292,earth_mover,40,0.12524210526315788,0.0074
293,earth_mover,41,0.15374736842105252,0.0021
294,earth_mover,42,0.14531578947368426,0.0035
295,earth_mover,43,0.14672631578947368,0.0029
296,earth_mover,44,0.1351263157894737,0.004
297,earth_mover,45,0.1002368421052631,0.0232
298,earth_mover,46,0.11118421052631586,0.0133
299,earth_mover,47,0.11719473684210528,0.0111
300,earth_mover,48,0.11306842105263165,0.0125
301,earth_mover,49,0.10617368421052614,0.0171
302,earth_mover,50,0.11906842105263155,0.0111
303,earth_mover,51,0.12045789473684207,0.0079
304,earth_mover,52,0.12157894736842108,0.0072
305,earth_mover,53,0.12483157894736852,0.0074
306,earth_mover,54,0.12804736842105258,0.0056
307,earth_mover,55,0.14497368421052634,0.0029
308,earth_mover,56,0.17930526315789483,0.0011
309,earth_mover,57,0.169742105263158,0.0011
310,earth_mover,58,0.17511578947368434,0.0009
311,earth_mover,59,0.17598947368421053,0.0005
312,earth_mover,60,0.16630526315789462,0.0011
313,earth_mover,61,0.17357368421052627,0.001
314,earth_mover,62,0.16216842105263163,0.0014
315,earth_mover_unit,0,0.15631052631578937,0.0021
316,earth_mover_unit,1,0.1363368421052632,0.0035
317,earth_mover_unit,2,0.13992105263157903,0.0025
318,earth_mover_unit,3,0.1447105263157894,0.003
319,earth_mover_unit,4,0.1427684210526317,0.0036
320,earth_mover_unit,5,0.12291578947368412,0.0081
321,earth_mover_unit,6,0.1432631578947368,0.0034
322,earth_mover_unit,7,0.15887368421052622,0.0016
323,earth_mover_unit,8,0.12885263157894733,0.0058
324,earth_mover_unit,9,0.1953421052631579,0.0003
325,earth_mover_unit,10,0.16809473684210532,0.0009
326,earth_mover_unit,11,0.2108526315789473,0.0001
327,earth_mover_unit,12,0.16832105263157907,0.0017
328,earth_mover_unit,13,0.18732631578947376,0.0002
329,earth_mover_unit,14,0.20598421052631577,0.0004
330,earth_mover_unit,15,0.28392105263157896,0.0001
331,earth_mover_unit,16,0.20739473684210538,0.0002
332,earth_mover_unit,17,0.22366315789473679,0.0002
333,earth_mover_unit,18,0.1430421052631578,0.0066
334,earth_mover_unit,19,0.12968947368421052,0.0096
335,earth_mover_unit,20,0.13119999999999998,0.0092
336,earth_mover_unit,21,0.16336315789473685,0.0024
337,earth_mover_unit,22,0.1345105263157895,0.0074
338,earth_mover_unit,23,0.1318842105263158,0.0084
339,earth_mover_unit,24,0.06021578947368421,0.1022
340,earth_mover_unit,25,0.05067368421052629,0.1352
341,earth_mover_unit,26,0.10366315789473679,0.0237
342,earth_mover_unit,27,0.14956842105263157,0.0054
343,earth_mover_unit,28,0.1351631578947369,0.007
344,earth_mover_unit,29,0.14101052631578942,0.0055
345,earth_mover_unit,30,0.15859473684210518,0.0027
346,earth_mover_unit,31,0.14747368421052634,0.0046
347,earth_mover_unit,32,0.17225789473684214,0.001
348,earth_mover_unit,33,0.16903157894736837,0.0016
349,earth_mover_unit,34,0.14305263157894735,0.0051
350,earth_mover_unit,35,0.1329684210526316,0.0093
351,earth_mover_unit,36,0.12024210526315787,0.0148
352,earth_mover_unit,37,0.11803684210526323,0.0161
353,earth_mover_unit,38,0.12508421052631574,0.0126
354,earth_mover_unit,39,0.12258947368421051,0.0132
355,earth_mover_unit,40,0.1430631578947367,0.0053
356,earth_mover_unit,41,0.15117894736842108,0.0036
357,earth_mover_unit,42,0.15580000000000016,0.0029
358,earth_mover_unit,43,0.1738105263157894,0.0014
359,earth_mover_unit,44,0.16657894736842108,0.0019
360,earth_mover_unit,45,0.12808947368421053,0.0106
361,earth_mover_unit,46,0.13895789473684214,0.0068
362,earth_mover_unit,47,0.1394947368421052,0.0087
363,earth_mover_unit,48,0.13033684210526314,0.0104
364,earth_mover_unit,49,0.11755789473684208,0.0152
365,earth_mover_unit,50,0.12698947368421043,0.0103
366,earth_mover_unit,51,0.12895789473684216,0.0116
367,earth_mover_unit,52,0.13155263157894725,0.0111
368,earth_mover_unit,53,0.12602631578947374,0.01
369,earth_mover_unit,54,0.11477894736842102,0.0145
370,earth_mover_unit,55,0.12086842105263143,0.0113
371,earth_mover_unit,56,0.13746315789473698,0.0063
372,earth_mover_unit,57,0.1364105263157896,0.0062
373,earth_mover_unit,58,0.17091052631578937,0.0013
374,earth_mover_unit,59,0.19229999999999992,0.0006
375,earth_mover_unit,60,0.20406315789473695,0.0003
376,earth_mover_unit,61,0.21697894736842108,0.0001
377,earth_mover_unit,62,0.2297315789473683,0.0001
378,energy,0,0.023892105263158003,0.3022
379,energy,1,-0.002428947368421088,0.4856
380,energy,2,0.007847368421052677,0.4138
381,energy,3,0.009905263157894724,0.3965
382,energy,4,0.00818421052631582,0.4149
383,energy,5,0.002936842105263185,0.4386
384,energy,6,0.0073184210526315106,0.4161
385,energy,7,0.013894736842105118,0.3655
386,energy,8,-0.005894736842105262,0.5107
387,energy,9,0.03474736842105278,0.2302
388,energy,10,0.029384210526315797,0.2735
389,energy,11,0.022652631578947358,0.2994
390,energy,12,0.05367894736842109,0.1574
391,energy,13,0.0629894736842105,0.1213
392,energy,14,0.08280526315789472,0.0643
393,energy,15,0.08926052631578957,0.058
394,energy,16,0.03567894736842105,0.2306
395,energy,17,0.07772105263157898,0.0758
396,energy,18,0.08039473684210523,0.0739
397,energy,19,0.09275263157894723,0.0436
398,energy,20,0.11406315789473696,0.023
399,energy,21,0.2020631578947368,0.001
400,energy,22,0.1369578947368422,0.0118
401,energy,23,0.10123157894736841,0.0328
402,energy,24,0.08544736842105272,0.0657
403,energy,25,0.0870263157894738,0.0527
404,energy,26,0.10456842105263159,0.0251
405,energy,27,0.07591578947368416,0.0639
406,energy,28,0.08278421052631582,0.0478
407,energy,29,0.07597894736842101,0.0636
408,energy,30,0.052121052631578894,0.1244
409,energy,31,0.0922631578947369,0.0315
410,energy,32,0.1165052631578947,0.0152
411,energy,33,0.11854210526315785,0.01
412,energy,34,0.12714210526315778,0.0092
413,energy,35,0.13321578947368407,0.0067
414,energy,36,0.09902631578947359,0.0213
415,energy,37,0.11114736842105266,0.0154
416,energy,38,0.136778947368421,0.0052
417,energy,39,0.11655263157894724,0.0111
418,energy,40,0.13100526315789465,0.0064
419,energy,41,0.14042105263157906,0.0052
420,energy,42,0.13480526315789468,0.0048
421,energy,43,0.14497368421052634,0.0026
422,energy,44,0.13346052631578942,0.0048
423,energy,45,0.107757894736842,0.0159
424,energy,46,0.1149473684210525,0.0129
425,energy,47,0.10486315789473677,0.0199
426,energy,48,0.09742631578947361,0.0231
427,energy,49,0.08367894736842109,0.0379
428,energy,50,0.08956052631578952,0.0326
429,energy,51,0.0868842105263158,0.0393
430,energy,52,0.08529473684210537,0.0444
431,energy,53,0.08810000000000008,0.0441
432,energy,54,0.0908526315789473,0.0364
433,energy,55,0.10220263157894752,0.0243
434,energy,56,0.1283526315789473,0.0086
435,energy,57,0.1317578947368421,0.0079
436,energy,58,0.1342552631578948,0.0077
437,energy,59,0.14259473684210527,0.003
438,energy,60,0.12818421052631582,0.0076
439,energy,61,0.13147894736842122,0.0069
440,energy,62,0.12088947368421049,0.011
441,energy_unit,0,0.023978947368421218,0.3082
442,energy_unit,1,0.007628947368420996,0.411
443,energy_unit,2,0.015084210526315742,0.3589
444,energy_unit,3,0.015968421052631646,0.3571
445,energy_unit,4,0.013173684210526285,0.3715
446,energy_unit,5,0.0038631578947368717,0.4364
447,energy_unit,6,0.009799999999999915,0.4002
448,energy_unit,7,0.017915789473684118,0.345
449,energy_unit,8,-0.004499999999999964,0.5006
450,energy_unit,9,0.03264736842105259,0.2571
451,energy_unit,10,0.025605263157894666,0.2944
452,energy_unit,11,0.040247368421052636,0.2053
453,energy_unit,12,0.05131315789473685,0.1671
454,energy_unit,13,0.06113157894736836,0.1235
455,energy_unit,14,0.08667894736842094,0.0561
456,energy_unit,15,0.12266842105263148,0.02
457,energy_unit,16,0.08774210526315787,0.0592
458,energy_unit,17,0.12052368421052623,0.0201
459,energy_unit,18,0.08979210526315785,0.0507
460,energy_unit,19,0.08365263157894726,0.0593
461,energy_unit,20,0.1139842105263158,0.0253
462,energy_unit,21,0.18285789473684222,0.0024
463,energy_unit,22,0.14769473684210532,0.0061
464,energy_unit,23,0.11604736842105262,0.024
465,energy_unit,24,0.09387368421052623,0.0477
466,energy_unit,25,0.0733842105263159,0.0847
467,energy_unit,26,0.08629473684210526,0.0616
468,energy_unit,27,0.09438421052631579,0.0472
469,energy_unit,28,0.10722894736842101,0.0278
470,energy_unit,29,0.11242631578947361,0.0251
471,energy_unit,30,0.1484026315789473,0.0063
472,energy_unit,31,0.15759999999999985,0.0035
473,energy_unit,32,0.1957631578947368,0.0008
474,energy_unit,33,0.17373684210526316,0.0018
475,energy_unit,34,0.18423421052631572,0.0012
476,energy_unit,35,0.1951105263157894,0.0004
477,energy_unit,36,0.18047894736842096,0.0014
478,energy_unit,37,0.16879210526315797,0.0023
479,energy_unit,38,0.17958684210526318,0.0011
480,energy_unit,39,0.17055263157894734,0.0018
481,energy_unit,40,0.19829473684210522,0.0003
482,energy_unit,41,0.18409210526315792,0.0008
483,energy_unit,42,0.17946842105263153,0.0016
484,energy_unit,43,0.19860526315789487,0.0005
485,energy_unit,44,0.18640263157894735,0.0009
486,energy_unit,45,0.1617894736842105,0.0025
487,energy_unit,46,0.17925263157894733,0.0012
488,energy_unit,47,0.17296315789473685,0.002
489,energy_unit,48,0.1671736842105264,0.002
490,energy_unit,49,0.1587684210526316,0.0041
491,energy_unit,50,0.15698421052631584,0.0036
492,energy_unit,51,0.1543842105263158,0.004
493,energy_unit,52,0.1541157894736841,0.0051
494,energy_unit,53,0.14843157894736844,0.0054
495,energy_unit,54,0.1447315789473683,0.0075
496,energy_unit,55,0.14403157894736834,0.0069
497,energy_unit,56,0.16043157894736843,0.0033
498,energy_unit,57,0.15723684210526323,0.0039
499,energy_unit,58,0.16262105263157894,0.0023
500,energy_unit,59,0.16157105263157884,0.0021
501,energy_unit,60,0.16130000000000003,0.0018
502,energy_unit,61,0.17239473684210538,0.0012
503,energy_unit,62,0.18634210526315798,0.0003
