,dist_type,layer,pseudo-F,p-value
0,centroid_cosine,0,2.996978363771261,0.0002
1,centroid_cosine,1,2.966117401144654,0.0177
2,centroid_cosine,2,2.0852335325894864,0.023
3,centroid_cosine,3,2.163874067747543,0.0244
4,centroid_cosine,4,2.0881485593094533,0.0311
5,centroid_cosine,5,1.9892889985549356,0.0847
6,centroid_cosine,6,2.263632080976896,0.0495
7,centroid_cosine,7,2.609025769171926,0.0208
8,centroid_cosine,8,2.0730806847484655,0.0748
9,centroid_cosine,9,3.4472381131920797,0.0021
10,centroid_cosine,10,2.5948658635122026,0.0159
11,centroid_cosine,11,3.2795697681641984,0.0015
12,centroid_cosine,12,3.4570945431414892,0.002
13,centroid_cosine,13,3.9175559658136914,0.0002
14,centroid_cosine,14,4.59626322097039,0.0001
15,centroid_cosine,15,5.152192437777158,0.0001
16,centroid_cosine,16,3.9628232344562884,0.0023
17,centroid_cosine,17,3.1895150649887305,0.0415
18,centroid_cosine,18,2.103136579007862,0.1275
19,centroid_cosine,19,3.0836375713449535,0.039
20,centroid_cosine,20,3.3186827303441233,0.0351
21,centroid_cosine,21,4.0087949648593995,0.0393
22,centroid_cosine,22,3.7404817439247604,0.0214
23,centroid_cosine,23,3.520113620575991,0.0338
24,centroid_cosine,24,3.989964503076583,0.0095
25,centroid_cosine,25,3.934541335694465,0.0094
26,centroid_cosine,26,3.480474487063776,0.0105
27,centroid_cosine,27,3.1771787265664884,0.0379
28,centroid_cosine,28,4.083171164869345,0.0023
29,centroid_cosine,29,3.7100032269649996,0.0069
30,centroid_cosine,30,5.376787235375151,0.0002
31,centroid_cosine,31,5.285789972909389,0.0002
32,centroid_cosine,32,6.294540964030655,0.0001
33,centroid_cosine,33,6.324788252025024,0.0001
34,centroid_cosine,34,6.755252650753104,0.0001
35,centroid_cosine,35,7.115296308109477,0.0001
36,centroid_cosine,36,6.353549499600142,0.0001
37,centroid_cosine,37,6.3882421685303115,0.0001
38,centroid_cosine,38,7.076026756571559,0.0001
39,centroid_cosine,39,6.457341996203945,0.0001
40,centroid_cosine,40,7.097489932678908,0.0001
41,centroid_cosine,41,6.924049981527743,0.0001
42,centroid_cosine,42,6.592730249937705,0.0001
43,centroid_cosine,43,7.064018138223339,0.0001
44,centroid_cosine,44,6.796294803735256,0.0001
45,centroid_cosine,45,6.33060607882339,0.0001
46,centroid_cosine,46,6.765160829753288,0.0001
47,centroid_cosine,47,6.776701708164461,0.0001
48,centroid_cosine,48,6.709971322181784,0.0001
49,centroid_cosine,49,6.430658041870907,0.0001
50,centroid_cosine,50,6.391185258228638,0.0001
51,centroid_cosine,51,6.383991782589756,0.0001
52,centroid_cosine,52,6.393334664304797,0.0001
53,centroid_cosine,53,6.384242271201843,0.0001
54,centroid_cosine,54,6.243623097755257,0.0001
55,centroid_cosine,55,6.447031739110262,0.0001
56,centroid_cosine,56,6.8624929090934605,0.0001
57,centroid_cosine,57,6.798099222588855,0.0001
58,centroid_cosine,58,6.7321741668179795,0.0001
59,centroid_cosine,59,6.670895683272841,0.0001
60,centroid_cosine,60,6.727670373032581,0.0001
61,centroid_cosine,61,6.924461849143999,0.0001
62,centroid_cosine,62,7.057461425996671,0.0001
63,centroid_cosine_unit,0,2.996806698725558,0.0001
64,centroid_cosine_unit,1,3.074672356735628,0.0057
65,centroid_cosine_unit,2,2.211702039651905,0.0162
66,centroid_cosine_unit,3,2.270928568868685,0.0139
67,centroid_cosine_unit,4,2.1899497415584346,0.0254
68,centroid_cosine_unit,5,2.025285054561765,0.0738
69,centroid_cosine_unit,6,2.2833744232221416,0.043
70,centroid_cosine_unit,7,2.6483130581603955,0.0173
71,centroid_cosine_unit,8,2.1219183828378108,0.0639
72,centroid_cosine_unit,9,3.4372657146136216,0.0034
73,centroid_cosine_unit,10,2.5835201673733184,0.0131
74,centroid_cosine_unit,11,3.3260949172960057,0.002
75,centroid_cosine_unit,12,3.5269348027088987,0.0012
76,centroid_cosine_unit,13,3.9779233921326207,0.0002
77,centroid_cosine_unit,14,4.677057168512986,0.0001
78,centroid_cosine_unit,15,5.555015377609631,0.0001
79,centroid_cosine_unit,16,4.23355252315219,0.0003
80,centroid_cosine_unit,17,3.3343725038258776,0.0344
81,centroid_cosine_unit,18,1.6364050962958792,0.2267
82,centroid_cosine_unit,19,2.407690634596127,0.1059
83,centroid_cosine_unit,20,2.557648913773254,0.1043
84,centroid_cosine_unit,21,2.9196051825339118,0.1049
85,centroid_cosine_unit,22,2.78968788361094,0.0874
86,centroid_cosine_unit,23,2.8476040259045976,0.0899
87,centroid_cosine_unit,24,1.311597181250661,0.3159
88,centroid_cosine_unit,25,1.1388363740101834,0.3686
89,centroid_cosine_unit,26,2.5517910694781247,0.0739
90,centroid_cosine_unit,27,3.1722979490630454,0.0455
91,centroid_cosine_unit,28,3.879341178998466,0.0048
92,centroid_cosine_unit,29,3.476031768218425,0.0115
93,centroid_cosine_unit,30,4.971210513178079,0.0004
94,centroid_cosine_unit,31,4.98313799982551,0.0003
95,centroid_cosine_unit,32,5.877479078263112,0.0001
96,centroid_cosine_unit,33,5.810332841367141,0.0001
97,centroid_cosine_unit,34,5.277846023022621,0.0004
98,centroid_cosine_unit,35,5.042989110149545,0.001
99,centroid_cosine_unit,36,4.591916760821882,0.004
100,centroid_cosine_unit,37,4.826776607367775,0.0009
101,centroid_cosine_unit,38,5.782521976150092,0.0002
102,centroid_cosine_unit,39,5.5998132483682435,0.0002
103,centroid_cosine_unit,40,6.368615890452278,0.0001
104,centroid_cosine_unit,41,6.175795471550695,0.0001
105,centroid_cosine_unit,42,6.085396190277433,0.0001
106,centroid_cosine_unit,43,6.6245556767169775,0.0001
107,centroid_cosine_unit,44,6.287171306811064,0.0001
108,centroid_cosine_unit,45,5.562542667579545,0.0001
109,centroid_cosine_unit,46,5.858343535632452,0.0001
110,centroid_cosine_unit,47,5.758588603403266,0.0001
111,centroid_cosine_unit,48,5.600392619307674,0.0002
112,centroid_cosine_unit,49,5.299251339647465,0.0003
113,centroid_cosine_unit,50,5.401247091520821,0.0002
114,centroid_cosine_unit,51,5.345919391909387,0.0001
115,centroid_cosine_unit,52,5.301001657885101,0.0001
116,centroid_cosine_unit,53,5.23933532435866,0.0001
117,centroid_cosine_unit,54,5.062310451058468,0.0003
118,centroid_cosine_unit,55,5.380492504617235,0.0001
119,centroid_cosine_unit,56,5.865207203439109,0.0001
120,centroid_cosine_unit,57,5.8025188265124354,0.0001
121,centroid_cosine_unit,58,6.155772931169393,0.0001
122,centroid_cosine_unit,59,6.170854485939185,0.0001
123,centroid_cosine_unit,60,6.282545502257,0.0001
124,centroid_cosine_unit,61,6.499736309260412,0.0001
125,centroid_cosine_unit,62,6.739098453180706,0.0001
126,centroid_euclidean,0,2.321690408166569,0.0001
127,centroid_euclidean,1,2.3006111233155315,0.0074
128,centroid_euclidean,2,1.9220589134548842,0.0023
129,centroid_euclidean,3,1.958947160432537,0.002
130,centroid_euclidean,4,1.9457455332332358,0.0029
131,centroid_euclidean,5,1.8055818929950243,0.0188
132,centroid_euclidean,6,1.9388300768919864,0.0095
133,centroid_euclidean,7,2.1177725091706066,0.0034
134,centroid_euclidean,8,1.9136951381478862,0.0103
135,centroid_euclidean,9,2.68851828301647,0.0001
136,centroid_euclidean,10,2.221822696146496,0.002
137,centroid_euclidean,11,2.5048967277999195,0.0064
138,centroid_euclidean,12,2.8166270638342357,0.0001
139,centroid_euclidean,13,2.928953328020999,0.0001
140,centroid_euclidean,14,3.395786279026713,0.0001
141,centroid_euclidean,15,2.759411373478655,0.0016
142,centroid_euclidean,16,2.065605479192434,0.031
143,centroid_euclidean,17,2.290101198339302,0.0474
144,centroid_euclidean,18,2.3649413194406033,0.0178
145,centroid_euclidean,19,2.7784963070061774,0.0029
146,centroid_euclidean,20,3.5886057262198574,0.0002
147,centroid_euclidean,21,6.913398238750923,0.0002
148,centroid_euclidean,22,4.7007773783808435,0.0005
149,centroid_euclidean,23,3.5096261858921864,0.0106
150,centroid_euclidean,24,1.8552969337567518,0.0675
151,centroid_euclidean,25,2.680539063987345,0.0254
152,centroid_euclidean,26,3.5875191604428203,0.0051
153,centroid_euclidean,27,3.5873549942811174,0.0039
154,centroid_euclidean,28,3.1832515372882426,0.0068
155,centroid_euclidean,29,3.1719919367275917,0.0041
156,centroid_euclidean,30,1.9755814842483628,0.0851
157,centroid_euclidean,31,2.4852900174898953,0.0334
158,centroid_euclidean,32,2.883322473107575,0.0131
159,centroid_euclidean,33,3.033978181568313,0.0071
160,centroid_euclidean,34,2.8630162331700895,0.0088
161,centroid_euclidean,35,2.763905228535614,0.0143
162,centroid_euclidean,36,2.4401456422596475,0.0307
163,centroid_euclidean,37,2.7740371388702334,0.0089
164,centroid_euclidean,38,3.042751443339264,0.0028
165,centroid_euclidean,39,2.641732040983281,0.016
166,centroid_euclidean,40,2.6514569324554125,0.0183
167,centroid_euclidean,41,3.083580956144166,0.0014
168,centroid_euclidean,42,3.048375993467134,0.0021
169,centroid_euclidean,43,3.108557408536985,0.0026
170,centroid_euclidean,44,3.018309896956807,0.0032
171,centroid_euclidean,45,2.667195829805455,0.0114
172,centroid_euclidean,46,2.7121432345503003,0.0121
173,centroid_euclidean,47,2.6278555289360295,0.0143
174,centroid_euclidean,48,2.5210404896557717,0.0188
175,centroid_euclidean,49,2.2513641215983466,0.0477
176,centroid_euclidean,50,2.4683573481688392,0.0217
177,centroid_euclidean,51,2.445153364834336,0.0201
178,centroid_euclidean,52,2.4088614510216164,0.0234
179,centroid_euclidean,53,2.5593258168671764,0.0101
180,centroid_euclidean,54,2.540404134909693,0.0096
181,centroid_euclidean,55,2.8142237213052783,0.0043
182,centroid_euclidean,56,3.2708894390074765,0.0012
183,centroid_euclidean,57,3.3475661558532894,0.0001
184,centroid_euclidean,58,3.441509957410093,0.0001
185,centroid_euclidean,59,3.496546717409798,0.0001
186,centroid_euclidean,60,3.3679882418404063,0.0001
187,centroid_euclidean,61,3.426667318575208,0.0001
188,centroid_euclidean,62,3.325820501614086,0.0001
189,centroid_euclidean_unit,0,2.3215907575001635,0.0001
190,centroid_euclidean_unit,1,2.3565105554843853,0.0015
191,centroid_euclidean_unit,2,2.0612635946844295,0.0003
192,centroid_euclidean_unit,3,2.076586858307086,0.0007
193,centroid_euclidean_unit,4,2.0582513038024475,0.0007
194,centroid_euclidean_unit,5,1.8845641833516775,0.0116
195,centroid_euclidean_unit,6,2.006901401946447,0.0071
196,centroid_euclidean_unit,7,2.1884092876241588,0.0014
197,centroid_euclidean_unit,8,1.9360560097411161,0.0095
198,centroid_euclidean_unit,9,2.481148745208018,0.0004
199,centroid_euclidean_unit,10,2.1504613869521156,0.0009
200,centroid_euclidean_unit,11,2.5956343063255587,0.0004
201,centroid_euclidean_unit,12,2.727216636854167,0.0001
202,centroid_euclidean_unit,13,2.8964411694587238,0.0001
203,centroid_euclidean_unit,14,3.329232744915689,0.0001
204,centroid_euclidean_unit,15,3.561967504640362,0.0001
205,centroid_euclidean_unit,16,3.019734197184849,0.0001
206,centroid_euclidean_unit,17,2.9133178580128107,0.0036
207,centroid_euclidean_unit,18,2.3739055856004496,0.0196
208,centroid_euclidean_unit,19,2.551234761877001,0.0076
209,centroid_euclidean_unit,20,2.7334109296298346,0.0068
210,centroid_euclidean_unit,21,3.6305932985092375,0.0045
211,centroid_euclidean_unit,22,3.048765704583614,0.0057
212,centroid_euclidean_unit,23,2.7240362846779553,0.0127
213,centroid_euclidean_unit,24,1.7630869157825109,0.129
214,centroid_euclidean_unit,25,1.5939259494153448,0.1659
215,centroid_euclidean_unit,26,2.5101716352079397,0.0102
216,centroid_euclidean_unit,27,2.8476571997935656,0.005
217,centroid_euclidean_unit,28,3.0237353684009105,0.0004
218,centroid_euclidean_unit,29,2.9256439229355977,0.0009
219,centroid_euclidean_unit,30,3.46412255511296,0.0001
220,centroid_euclidean_unit,31,3.56218907592845,0.0001
221,centroid_euclidean_unit,32,4.086661615440667,0.0001
222,centroid_euclidean_unit,33,4.020067718257953,0.0001
223,centroid_euclidean_unit,34,3.8194702393803515,0.0002
224,centroid_euclidean_unit,35,3.656887843966413,0.0005
225,centroid_euclidean_unit,36,3.441409569441573,0.0012
226,centroid_euclidean_unit,37,3.5199476493547834,0.0005
227,centroid_euclidean_unit,38,3.918164679138014,0.0002
228,centroid_euclidean_unit,39,3.8530494677199,0.0001
229,centroid_euclidean_unit,40,4.161472101849974,0.0001
230,centroid_euclidean_unit,41,4.083840160534978,0.0001
231,centroid_euclidean_unit,42,4.069823967743985,0.0001
232,centroid_euclidean_unit,43,4.273192555934716,0.0001
233,centroid_euclidean_unit,44,4.138226205578209,0.0001
234,centroid_euclidean_unit,45,3.841142556865254,0.0001
235,centroid_euclidean_unit,46,3.9724739292899267,0.0001
236,centroid_euclidean_unit,47,3.891396975689651,0.0001
237,centroid_euclidean_unit,48,3.840786367148739,0.0001
238,centroid_euclidean_unit,49,3.6848324637220826,0.0001
239,centroid_euclidean_unit,50,3.724499439500744,0.0001
240,centroid_euclidean_unit,51,3.7104890115339746,0.0001
241,centroid_euclidean_unit,52,3.6850977965513496,0.0001
242,centroid_euclidean_unit,53,3.6769830750130668,0.0001
243,centroid_euclidean_unit,54,3.603550494704966,0.0001
244,centroid_euclidean_unit,55,3.8062808736750453,0.0001
245,centroid_euclidean_unit,56,4.039192286245739,0.0001
246,centroid_euclidean_unit,57,3.9852344071504886,0.0001
247,centroid_euclidean_unit,58,4.089337449269286,0.0001
248,centroid_euclidean_unit,59,4.058838687694337,0.0001
249,centroid_euclidean_unit,60,4.07848243336832,0.0001
250,centroid_euclidean_unit,61,4.163966141393033,0.0001
251,centroid_euclidean_unit,62,4.25929474502695,0.0001
252,earth_mover,0,2.5690174091235543,0.0001
253,earth_mover,1,2.3158911767837194,0.0001
254,earth_mover,2,2.3140267651594777,0.0001
255,earth_mover,3,2.2921312125516833,0.0001
256,earth_mover,4,2.237061703112122,0.0001
257,earth_mover,5,2.1223772743827247,0.0001
258,earth_mover,6,2.180414591546187,0.0001
259,earth_mover,7,2.1984997480758692,0.0001
260,earth_mover,8,2.0164770177378473,0.0001
261,earth_mover,9,2.1718539463971993,0.0001
262,earth_mover,10,2.122795676899169,0.0001
263,earth_mover,11,2.1517621591148077,0.0001
264,earth_mover,12,2.265815091144567,0.0001
265,earth_mover,13,2.247826295138483,0.0001
266,earth_mover,14,2.3072140282242017,0.0001
267,earth_mover,15,2.1766945991489366,0.0001
268,earth_mover,16,1.9003066337467152,0.0004
269,earth_mover,17,1.915134919947437,0.0055
270,earth_mover,18,1.8989409616101478,0.0025
271,earth_mover,19,1.9423703675241013,0.0003
272,earth_mover,20,2.024621393600409,0.0002
273,earth_mover,21,2.827243034104789,0.0001
274,earth_mover,22,2.233598723012648,0.0008
275,earth_mover,23,2.1325227917232166,0.0041
276,earth_mover,24,1.726753589166124,0.027
277,earth_mover,25,1.9930121057277603,0.0125
278,earth_mover,26,2.141571991055133,0.0006
279,earth_mover,27,2.017114557361397,0.0007
280,earth_mover,28,2.029519984910219,0.0006
281,earth_mover,29,2.0444396895947263,0.0004
282,earth_mover,30,1.8324464435567382,0.0095
283,earth_mover,31,2.02517007596769,0.0044
284,earth_mover,32,2.2240481176796667,0.002
285,earth_mover,33,2.27292730694103,0.0007
286,earth_mover,34,2.3006865739557547,0.0005
287,earth_mover,35,2.32785274378505,0.0004
288,earth_mover,36,2.096404410248409,0.0027
289,earth_mover,37,2.1174988715781007,0.0002
290,earth_mover,38,2.2689299338686246,0.0002
291,earth_mover,39,2.1586254424961235,0.0008
292,earth_mover,40,2.1873645717210417,0.0009
293,earth_mover,41,2.285619511609172,0.0002
294,earth_mover,42,2.2737571140172177,0.0003
295,earth_mover,43,2.3028940221491765,0.0001
296,earth_mover,44,2.2545155666353422,0.0002
297,earth_mover,45,2.1077726541729276,0.0002
298,earth_mover,46,2.135852173030344,0.0003
299,earth_mover,47,2.1122905669341536,0.0004
300,earth_mover,48,2.093749686689636,0.0005
301,earth_mover,49,2.0106484899660377,0.0017
302,earth_mover,50,2.0687673611678057,0.0006
303,earth_mover,51,2.049301827807936,0.0007
304,earth_mover,52,2.0309453870951413,0.0004
305,earth_mover,53,2.0791767692888556,0.0004
306,earth_mover,54,2.0827568265483287,0.0005
307,earth_mover,55,2.168604428296031,0.0001
308,earth_mover,56,2.297017716207475,0.0001
309,earth_mover,57,2.2856856539720516,0.0001
310,earth_mover,58,2.270284915061851,0.0001
311,earth_mover,59,2.2765205271194406,0.0001
312,earth_mover,60,2.2607638295451307,0.0001
313,earth_mover,61,2.2829182812939957,0.0001
314,earth_mover,62,2.2650725750833596,0.0001
315,earth_mover_unit,0,2.568940920855368,0.0001
316,earth_mover_unit,1,2.420297767828513,0.0001
317,earth_mover_unit,2,2.372182613981892,0.0001
318,earth_mover_unit,3,2.3485760911906657,0.0001
319,earth_mover_unit,4,2.283084973050152,0.0001
320,earth_mover_unit,5,2.152204561667281,0.0001
321,earth_mover_unit,6,2.210895680639974,0.0001
322,earth_mover_unit,7,2.237362973639595,0.0001
323,earth_mover_unit,8,2.0344740241743327,0.0001
324,earth_mover_unit,9,2.1699366714171218,0.0001
325,earth_mover_unit,10,2.103082663156742,0.0001
326,earth_mover_unit,11,2.194278897422344,0.0001
327,earth_mover_unit,12,2.196228731878594,0.0001
328,earth_mover_unit,13,2.1942011440621068,0.0001
329,earth_mover_unit,14,2.262278686934232,0.0001
330,earth_mover_unit,15,2.3037420191551896,0.0001
331,earth_mover_unit,16,2.146441668396661,0.0001
332,earth_mover_unit,17,2.1522298411833374,0.0001
333,earth_mover_unit,18,2.0149317845855346,0.0012
334,earth_mover_unit,19,2.0040027579830904,0.0005
335,earth_mover_unit,20,2.0202128488368065,0.0008
336,earth_mover_unit,21,2.2716360941961766,0.0005
337,earth_mover_unit,22,2.0310925671642863,0.0009
338,earth_mover_unit,23,2.0043638476999925,0.0021
339,earth_mover_unit,24,1.7905262214733346,0.0538
340,earth_mover_unit,25,1.7006078201683972,0.0743
341,earth_mover_unit,26,1.8597063192066356,0.003
342,earth_mover_unit,27,1.9249543823051216,0.0009
343,earth_mover_unit,28,2.0047256858889004,0.0003
344,earth_mover_unit,29,2.0331823861863207,0.0006
345,earth_mover_unit,30,2.1434105272492956,0.0002
346,earth_mover_unit,31,2.231116823027,0.0002
347,earth_mover_unit,32,2.4489290176014165,0.0001
348,earth_mover_unit,33,2.4275821705001093,0.0001
349,earth_mover_unit,34,2.421443334617657,0.0007
350,earth_mover_unit,35,2.468314446694164,0.0016
351,earth_mover_unit,36,2.367299861692536,0.0016
352,earth_mover_unit,37,2.3116532329501367,0.0011
353,earth_mover_unit,38,2.4554577034483853,0.0006
354,earth_mover_unit,39,2.4281415750647053,0.0002
355,earth_mover_unit,40,2.501248417842966,0.0003
356,earth_mover_unit,41,2.457714307618245,0.0001
357,earth_mover_unit,42,2.4677316623271137,0.0002
358,earth_mover_unit,43,2.5340652627153712,0.0002
359,earth_mover_unit,44,2.460296823447626,0.0001
360,earth_mover_unit,45,2.351328729157311,0.0001
361,earth_mover_unit,46,2.389693117008062,0.0002
362,earth_mover_unit,47,2.378828896968473,0.0002
363,earth_mover_unit,48,2.3616240537439412,0.0004
364,earth_mover_unit,49,2.3150333897495305,0.0002
365,earth_mover_unit,50,2.308396918355346,0.0005
366,earth_mover_unit,51,2.2840345252003735,0.0002
367,earth_mover_unit,52,2.2731268846292862,0.0004
368,earth_mover_unit,53,2.2654079597756778,0.0003
369,earth_mover_unit,54,2.238033452985742,0.0002
370,earth_mover_unit,55,2.291913968379468,0.0002
371,earth_mover_unit,56,2.35918991286543,0.0001
372,earth_mover_unit,57,2.3506614271688715,0.0001
373,earth_mover_unit,58,2.4102694917590335,0.0001
374,earth_mover_unit,59,2.4198764327110345,0.0001
375,earth_mover_unit,60,2.410458095820872,0.0001
376,earth_mover_unit,61,2.430446892270563,0.0001
377,earth_mover_unit,62,2.463944066607224,0.0001
378,energy,0,2.339867784672096,0.0037
379,energy,1,2.1877936131059554,0.009
380,energy,2,1.8405785857466148,0.027
381,energy,3,1.8677587289098294,0.0233
382,energy,4,1.8483252246508155,0.0258
383,energy,5,1.802093744350048,0.0548
384,energy,6,1.940911311199214,0.038
385,energy,7,2.127720085744101,0.0188
386,energy,8,1.862074378762394,0.0374
387,energy,9,2.7784076586861204,0.0025
388,energy,10,2.3450362182867495,0.0083
389,energy,11,2.7291442650315365,0.0124
390,energy,12,3.0432173096444446,0.0012
391,energy,13,3.1769892191040943,0.0001
392,energy,14,3.78432390555021,0.0002
393,energy,15,3.2896684065193744,0.0009
394,energy,16,2.394292434825795,0.018
395,energy,17,2.5145272924100657,0.0576
396,energy,18,2.443451383910348,0.0392
397,energy,19,3.5688492170564126,0.0017
398,energy,20,4.289708148054923,0.0028
399,energy,21,6.486909137746391,0.001
400,energy,22,5.64044271291774,0.0008
401,energy,23,4.555176705934882,0.0115
402,energy,24,2.868371175497031,0.0201
403,energy,25,4.554354752339286,0.0045
404,energy,26,4.568363021995374,0.0025
405,energy,27,3.668326433294029,0.0118
406,energy,28,4.206072464449592,0.0066
407,energy,29,4.014338759349529,0.004
408,energy,30,3.1216710794344493,0.0439
409,energy,31,3.573856694671653,0.0303
410,energy,32,4.283392890125093,0.0105
411,energy,33,4.593942190957868,0.0034
412,energy,34,4.721440206148902,0.0019
413,energy,35,4.473759141204296,0.0045
414,energy,36,3.4113369618772142,0.0295
415,energy,37,3.8946515110449433,0.0039
416,energy,38,4.484514150119463,0.0006
417,energy,39,3.7081917874873587,0.0156
418,energy,40,3.6264076784164843,0.0227
419,energy,41,4.749679823937221,0.0005
420,energy,42,4.622409409534781,0.0008
421,energy,43,4.712386942872922,0.0007
422,energy,44,4.518503445356732,0.0017
423,energy,45,3.654100017106261,0.0079
424,energy,46,3.6913625761038986,0.0092
425,energy,47,4.029165231510008,0.0068
426,energy,48,3.945871168953881,0.0066
427,energy,49,3.617893949561754,0.0175
428,energy,50,3.946729020498912,0.0096
429,energy,51,3.954332212938747,0.0081
430,energy,52,3.9195516235380197,0.0071
431,energy,53,3.9813129098374938,0.0036
432,energy,54,3.884024136443124,0.0034
433,energy,55,4.283869506976328,0.0011
434,energy,56,4.762866333845089,0.0001
435,energy,57,4.702629726663639,0.0001
436,energy,58,4.789464780073984,0.0001
437,energy,59,4.821228594974235,0.0001
438,energy,60,4.517392308189696,0.0001
439,energy,61,4.638517670362345,0.0001
440,energy,62,4.597559467973547,0.0001
441,energy_unit,0,2.340104336531734,0.0055
442,energy_unit,1,2.403463848426813,0.0023
443,energy_unit,2,1.962260676385426,0.0143
444,energy_unit,3,1.9844167438155553,0.0131
445,energy_unit,4,1.9283849451137463,0.0173
446,energy_unit,5,1.8647345956308765,0.047
447,energy_unit,6,2.009468360988138,0.0288
448,energy_unit,7,2.197197842986771,0.0143
449,energy_unit,8,1.8710483425696456,0.0397
450,energy_unit,9,2.5485786525842413,0.0041
451,energy_unit,10,2.219833098839909,0.0096
452,energy_unit,11,2.751865551100117,0.0018
453,energy_unit,12,2.901832566048092,0.0011
454,energy_unit,13,3.171686183568731,0.0004
455,energy_unit,14,3.779081022165613,0.0001
456,energy_unit,15,4.280451512501742,0.0001
457,energy_unit,16,3.688136645872977,0.0004
458,energy_unit,17,3.411706782044026,0.0047
459,energy_unit,18,2.800016952709557,0.0219
460,energy_unit,19,3.2250052377209464,0.0072
461,energy_unit,20,3.3179275631671286,0.0072
462,energy_unit,21,4.3787674194183746,0.0047
463,energy_unit,22,3.624978541610356,0.0042
464,energy_unit,23,3.3186185938025248,0.0082
465,energy_unit,24,2.5860322542646785,0.0447
466,energy_unit,25,2.3223276604940235,0.0638
467,energy_unit,26,2.8333844179654974,0.0092
468,energy_unit,27,3.073154586575347,0.0098
469,energy_unit,28,3.674385358921541,0.0007
470,energy_unit,29,3.6498338895936886,0.0009
471,energy_unit,30,4.380212290940255,0.0001
472,energy_unit,31,4.620551114835496,0.0001
473,energy_unit,32,5.530673124854544,0.0001
474,energy_unit,33,5.432313896601479,0.0001
475,energy_unit,34,5.514183311557671,0.0001
476,energy_unit,35,5.7664780485885805,0.0001
477,energy_unit,36,5.307859566089289,0.0001
478,energy_unit,37,5.25075416192024,0.0001
479,energy_unit,38,5.86296771455423,0.0001
480,energy_unit,39,5.644291126447091,0.0001
481,energy_unit,40,6.100426988010278,0.0001
482,energy_unit,41,5.938081130973313,0.0001
483,energy_unit,42,5.8108306863888055,0.0001
484,energy_unit,43,6.149946833703304,0.0001
485,energy_unit,44,5.890100615654445,0.0001
486,energy_unit,45,5.508762974152982,0.0001
487,energy_unit,46,5.794874336457182,0.0001
488,energy_unit,47,5.690569757745045,0.0001
489,energy_unit,48,5.618311097341212,0.0001
490,energy_unit,49,5.377858210105786,0.0001
491,energy_unit,50,5.344625160458609,0.0001
492,energy_unit,51,5.271332111022393,0.0001
493,energy_unit,52,5.226129106177585,0.0001
494,energy_unit,53,5.176601675196186,0.0001
495,energy_unit,54,5.082986592623696,0.0001
496,energy_unit,55,5.27754313361508,0.0001
497,energy_unit,56,5.57183942173028,0.0001
498,energy_unit,57,5.47841356524523,0.0001
499,energy_unit,58,5.598782853437364,0.0001
500,energy_unit,59,5.531837308105898,0.0001
501,energy_unit,60,5.516639188324523,0.0001
502,energy_unit,61,5.6618970281721746,0.0001
503,energy_unit,62,5.811142475377115,0.0001
